bbref_id,nba_id,player_name,source,confidence
achiupr01,1630173,Precious Achiuwa,stub_reconstruction,high
adamsja01,1629121,Jaylen Adams,authoritative,high
adamsst01,203500,Steven Adams,authoritative,high
adebaba01,1628389,Bam Adebayo,authoritative,high
agbajoc01,1630534,Ochai Agbaji,stub_reconstruction,high
aldamsa01,1630583,Santi Aldama,stub_reconstruction,high
aldrila01,200746,LaMarcus Aldridge,authoritative,high
alexani01,1629638,Nickeil Alexander-Walker,stub_reconstruction,high
alexatr01,1641725,Trey Alexander,stub_reconstruction,high
alexaty01,1630234,Ty-Shon Alexander,stub_reconstruction,high
allengr01,1628960,Grayson Allen,authoritative,high
allenja01,1628386,Jarrett Allen,authoritative,high
allenti01,1641851,Timmy Allen,stub_reconstruction,high
alvarjo01,1630631,Jose Alvarado,stub_reconstruction,high
aminual01,202329,Al-Farouq Aminu,authoritative,high
anderju01,1626147,Justin Anderson,authoritative,high
anderky01,203937,Kyle Anderson,authoritative,high
antetgi01,203507,Giannis Antetokounmpo,authoritative,high
antetko01,1628961,Kostas Antetokounmpo,authoritative,high
antetth01,203648,Thanasis Antetokounmpo,authoritative,high
anthoca01,2546,Carmelo Anthony,authoritative,high
anthoco01,1630175,Cole Anthony,stub_reconstruction,high
anunoog01,1628384,OG Anunoby,authoritative,high
arcidry01,1627853,Nigel Hayes,authoritative,high
arizatr01,2772,Trevor Ariza,authoritative,high
augusdj01,201571,D.J. Augustin,authoritative,high
avdijde01,1630166,Deni Avdija,stub_reconstruction,high
ayayijo01,1630555,Joel Ayayi,stub_reconstruction,high
aytonde01,1629028,Deandre Ayton,authoritative,high
azubuud01,1628962,Udoka Azubuike,stub_reconstruction,high
bacondw01,1628407,Dwayne Bacon,authoritative,high
badjiib01,1630641,Ibou Badji,stub_reconstruction,high
baglema01,1628963,Marvin Bagley III,authoritative,high
baglema02,1628963,Marvin Bagley III,stub_reconstruction,high
baileam01,1641735,Amari Bailey,stub_reconstruction,high
baldwpa01,1631116,Patrick Baldwin Jr.,stub_reconstruction,high
ballla01,1630163,LaMelo Ball,stub_reconstruction,high
balllo01,1628366,Lonzo Ball,authoritative,high
bambamo01,1628964,Mo Bamba,authoritative,high
banchpa01,1631094,Paolo Banchero,stub_reconstruction,high
banede01,1630217,Desmond Bane,stub_reconstruction,high
bantoda01,1630625,Dalano Banton,stub_reconstruction,high
barbeca01,1627760,Cat Barber,stub_reconstruction,high
barlodo01,1631230,Dominick Barlow,stub_reconstruction,high
barneha02,203084,Harrison Barnes,authoritative,high
barnesc01,1630567,Scottie Barnes,stub_reconstruction,high
barrerj01,1629628,RJ Barrett,stub_reconstruction,high
bartowi01,203115,Will Barton,authoritative,high
bassech01,1629646,Charles Bassey,stub_reconstruction,high
basspa01,1628238,Paris Bass,stub_reconstruction,high
batesem01,1641734,Emoni Bates,stub_reconstruction,high
bateske01,1628966,Keita Bates-Diop,authoritative,high
battlja01,1642419,Jamison Battle,stub_reconstruction,high
batumni01,201587,Nicolas Batum,authoritative,high
baughda01,1641878,Damion Baugh,stub_reconstruction,high
baynear01,203382,Aron Baynes,authoritative,high
bazemke01,203145,Kent Bazemore,authoritative,high
bazleda01,1629647,Darius Bazley,stub_reconstruction,high
bealbr01,203078,Bradley Beal,authoritative,high
beaslma01,1627736,Malik Beasley,authoritative,high
beaucma01,1630699,MarJon Beauchamp,stub_reconstruction,high
beekmre01,1641736,Reece Beekman,stub_reconstruction,high
belljo01,1628395,Jordan Bell,authoritative,high
bembrde01,1627761,DeAndre' Bembry,authoritative,high
bernaju01,1631262,Jules Bernard,stub_reconstruction,high
bertada01,202722,Davis Bertans,authoritative,high
beverpa01,201976,Patrick Beverley,authoritative,high
beysa01,1630180,Saddiq Bey,stub_reconstruction,high
beyty01,1630189,Tyler Bey,stub_reconstruction,high
birchkh01,203920,Khem Birch,authoritative,high
bitadgo01,1629048,Goga Bitadze,stub_reconstruction,high
bitimon01,1641931,Onuralp Bitim,stub_reconstruction,high
biyombi01,202687,Bismack Biyombo,authoritative,high
bjeline01,202357,Nemanja Bjelica,authoritative,high
blackan01,1641710,Anthony Black,stub_reconstruction,high
blackle01,1641778,Leaky Black,stub_reconstruction,high
bledser01,202339,Eric Bledsoe,authoritative,high
blevike01,1629833,Keljin Blevins,stub_reconstruction,high
boehebu01,1631205,Buddy Boeheim,stub_reconstruction,high
bogdabo01,203992,Bogdan Bogdanovic,authoritative,high
bogdabo02,202711,Bojan Bogdanovic,authoritative,high
bolbo01,1629626,Bol Bol,stub_reconstruction,high
boldema01,1629716,Marques Bolden,stub_reconstruction,high
bolmale01,1630195,Leandro Bolmaro,stub_reconstruction,high
bonaad01,1641737,Adem Bona,stub_reconstruction,high
bonejo01,1629648,Jordan Bone,stub_reconstruction,high
bongais01,1629067,Isaac Bonga,authoritative,high
bookede01,1626164,Devin Booker,authoritative,high
bostobr01,1630527,Brandon Boston,stub_reconstruction,high
bouchch01,1628449,Chris Boucher,authoritative,high
bouknja01,1630547,James Bouknight,stub_reconstruction,high
bouyeja01,1631123,Jamaree Bouyea,stub_reconstruction,high
bowenbr02,1628968,Brian Bowen II,stub_reconstruction,high
bradlav01,202340,Avery Bradley,authoritative,high
bradlto01,1628396,Tony Bradley,authoritative,high
branhma01,1631103,Malaki Branham,stub_reconstruction,high
brantja01,1629714,Jarrell Brantley,stub_reconstruction,high
braunch01,1631128,Christian Braun,stub_reconstruction,high
brazdig01,1629649,Ignas Brazdeikis,stub_reconstruction,high
bridgja01,1641779,Jalen Bridges,stub_reconstruction,high
bridgmi01,1628969,Mikal Bridges,authoritative,high
bridgmi02,1628970,Miles Bridges,authoritative,high
brimaam01,1628578,Amida Brimah,stub_reconstruction,high
brissos01,1629052,Oshae Brissett,stub_reconstruction,high
brogdma01,1627763,Malcolm Brogdon,authoritative,high
brookar01,1629717,Armoni Brooks,stub_reconstruction,high
brookdi01,1628415,Dillon Brooks,authoritative,high
brookke02,1631232,Keion Brooks Jr.,stub_reconstruction,high
brownbr01,1628971,Bruce Brown,authoritative,high
browngr01,1630535,Greg Brown III,stub_reconstruction,high
brownja02,1627759,Jaylen Brown,authoritative,high
brownke03,1631112,Kendall Brown,stub_reconstruction,high
brownko01,1641738,Kobe Brown,stub_reconstruction,high
brownmo01,1629650,Moses Brown,stub_reconstruction,high
brownst02,1628425,Sterling Brown,authoritative,high
browntr01,1628972,Troy Brown Jr.,authoritative,high
brunsja01,1628973,Jalen Brunson,authoritative,high
bryanel01,1629091,Elijah Bryant,stub_reconstruction,high
bryanth01,1628418,Thomas Bryant,authoritative,high
buchash01,1629783,Shaq Buchanan,stub_reconstruction,high
bufkiko01,1641723,Kobe Bufkin,stub_reconstruction,high
bullore01,203493,Reggie Bullock Jr.,authoritative,high
burketr01,203504,Trey Burke,authoritative,high
burksal01,202692,Alec Burks,authoritative,high
burtode02,1629126,Deonte Burton,authoritative,high
butleja02,1630215,Jared Butler,stub_reconstruction,high
butleji01,202710,Jimmy Butler,authoritative,high
butlejo01,1631219,John Butler Jr.,stub_reconstruction,high
buzelma01,1641824,Matas Buzelis,stub_reconstruction,high
cabocbr01,203998,Bruno Caboclo,authoritative,high
cacokde01,1629719,Devontae Cacok,stub_reconstruction,high
cainja01,1631288,Jamal Cain,stub_reconstruction,high
caldwke01,203484,Kentavious Caldwell-Pope,authoritative,high
camarto01,1641739,Toumani Camara,stub_reconstruction,high
campafa01,1630267,Facundo Campazzo,stub_reconstruction,high
cancavl01,1628427,Vlatko Cancar,stub_reconstruction,high
cannade01,1629962,Devin Cannady,stub_reconstruction,high
capelca01,203991,Clint Capela,authoritative,high
careyve01,1630176,Vernon Carey Jr.,stub_reconstruction,high
carlsbr01,1642382,Branden Carlson,stub_reconstruction,high
carrica01,1642267,Bub Carrington,stub_reconstruction,low_nickname
cartede02,1642269,Devin Carter,stub_reconstruction,high
carteje01,1628975,Jevon Carter,authoritative,high
cartemi01,203487,Michael Carter-Williams,authoritative,high
cartewe01,1628976,Wendell Carter Jr.,authoritative,high
cartodj01,1630618,D.J. Carton,stub_reconstruction,high
carusal01,1627936,Alex Caruso,authoritative,high
castlco01,1630658,Colin Castleton,stub_reconstruction,high
castlst01,1642264,Stephon Castle,stub_reconstruction,high
caulewi01,1626161,Willie Cauley-Stein,authoritative,high
chandke01,1631113,Kennedy Chandler,stub_reconstruction,high
chiozch01,1629185,Chris Chiozza,authoritative,high
chomcul01,1642279,Ulrich Chomche,stub_reconstruction,high
chrisca02,1642353,Cam Christie,stub_reconstruction,high
chrisjo01,1630528,Josh Christopher,stub_reconstruction,high
chrisma01,1627737,Marquese Chriss,authoritative,high
cissosi01,1631321,Sidy Cissoko,stub_reconstruction,high
clarkbr01,1629634,Brandon Clarke,stub_reconstruction,high
clarkga01,1629109,Gary Clark,authoritative,high
clarkja02,1641740,Jaylen Clark,stub_reconstruction,high
clarkjo01,203903,Jordan Clarkson,authoritative,high
claxtni01,1629651,Nic Claxton,stub_reconstruction,high
clingdo01,1642270,Donovan Clingan,stub_reconstruction,high
clownno01,1641730,Noah Clowney,stub_reconstruction,high
coffeam01,1629599,Amir Coffey,stub_reconstruction,high
collida01,201954,Darren Collison,authoritative,high
colliis01,1642268,Isaiah Collier,stub_reconstruction,high
collijo01,1628381,John Collins,authoritative,high
colliyu01,1641879,Yuri Collins,stub_reconstruction,high
colliza01,1628380,Zach Collins,authoritative,high
comanch01,1628435,Chance Comanche,stub_reconstruction,high
conlemi01,201144,Mike Conley,authoritative,high
connapa01,1626192,Pat Connaughton,authoritative,high
cookqu01,1626188,Quinn Cook,authoritative,high
cooksxa01,1641645,Xavier Cooks,stub_reconstruction,high
cookty01,1629076,Tyler Cook,stub_reconstruction,high
coopesh01,1630536,Sharife Cooper,stub_reconstruction,high
cornepe01,1627822,Petr Cornelie,stub_reconstruction,high
coulibi01,1641731,Bilal Coulibaly,stub_reconstruction,high
councri01,1641741,Ricky Council IV,stub_reconstruction,high
couside01,202326,DeMarcus Cousins,authoritative,high
covinro01,203496,Robert Covington,authoritative,high
craigto01,1628470,Torrey Craig,authoritative,high
crawfis01,1642384,Isaiah Crawford,stub_reconstruction,high
crowdja01,203109,Jae Crowder,authoritative,high
crutcja01,1630622,Jalen Crutcher,stub_reconstruction,high
culveja01,1629633,Jarrett Culver,stub_reconstruction,high
cumbeja01,1629600,Jarron Cumberland,stub_reconstruction,high
cunnica01,1630595,Cade Cunningham,stub_reconstruction,high
curryse01,203552,Seth Curry,authoritative,high
curryst01,201939,Stephen Curry,authoritative,high
dadiepa01,1642359,Pacome Dadiet,stub_reconstruction,high
daniedy01,1630700,Dyson Daniels,stub_reconstruction,high
darlina01,1630268,Nate Darling,stub_reconstruction,high
dasiltr01,1641783,Tristan da Silva,stub_reconstruction,high
davisan02,203076,Anthony Davis,authoritative,high
davised01,202334,Ed Davis,authoritative,high
davisjd01,1631120,JD Davison,stub_reconstruction,high
davisjo06,1631098,Johnny Davis,stub_reconstruction,high
daviste02,1629056,Terence Davis,stub_reconstruction,high
daysda01,1630620,Darius Days,stub_reconstruction,high
deckga01,1630466,Gabriel Deck,stub_reconstruction,high
dedmode01,203473,Dewayne Dedmon,authoritative,high
delauja01,1629602,Javin DeLaurier,stub_reconstruction,high
dellama01,203521,Matthew Dellavedova,authoritative,high
dennide01,1641926,Dexter Dennis,stub_reconstruction,high
dennira01,1642484,RayJ Dennis,stub_reconstruction,high
derozde01,201942,DeMar DeRozan,authoritative,high
diabamo01,1630542,Moussa Diabate,stub_reconstruction,high
diakima01,1629603,Mamadi Diakite,stub_reconstruction,high
diallch01,1627767,Cheick Diallo,authoritative,high
diallha01,1628977,Hamidou Diallo,authoritative,high
dickgr01,1641711,Gradey Dick,stub_reconstruction,high
dienggo01,203476,Gorgui Dieng,authoritative,high
diengou01,1631172,Ousmane Dieng,stub_reconstruction,high
dilliro01,1642265,Rob Dillingham,stub_reconstruction,high
dinwisp01,203915,Spencer Dinwiddie,authoritative,high
divindo01,1628978,Donte DiVincenzo,authoritative,high
doncilu01,1629029,Luka Doncic,authoritative,high
dorsety01,1628416,Tyler Dorsey,authoritative,high
dortlu01,1629652,Luguentz Dort,stub_reconstruction,high
dosunay01,1630245,Ayo Dosunmu,stub_reconstruction,high
dotsoda01,1628422,Damyean Dotson,authoritative,high
dotsode01,1629653,Devon Dotson,stub_reconstruction,high
doumbse01,1629635,Sekou Doumbouya,stub_reconstruction,high
dowtije01,1630288,Jeff Dowtin,stub_reconstruction,high
doziepj01,1628408,PJ Dozier,authoritative,high
dragigo01,201609,Goran Dragic,authoritative,high
drellhe01,1630929,Henri Drell,stub_reconstruction,high
drumman01,203083,Andre Drummond,authoritative,high
duartch01,1630537,Chris Duarte,stub_reconstruction,high
ducasal01,1642505,Alex Ducas,stub_reconstruction,high
dudleja01,201162,Jared Dudley,authoritative,high
dukeda01,1630561,David Duke Jr.,stub_reconstruction,high
dunnkr01,1627739,Kris Dunn,authoritative,high
dunnry01,1642346,Ryan Dunn,stub_reconstruction,high
duranke01,201142,Kevin Durant,authoritative,high
durenja01,1631105,Jalen Duren,stub_reconstruction,high
easonta01,1631106,Tari Eason,stub_reconstruction,high
edeyza01,1641744,Zach Edey,stub_reconstruction,high
edwaran01,1630162,Anthony Edwards,stub_reconstruction,high
edwarca01,1629035,Carsen Edwards,stub_reconstruction,high
edwarje01,1642399,Jesse Edwards,stub_reconstruction,high
edwarju01,1642348,Justin Edwards,stub_reconstruction,high
edwarke02,1630556,Kessler Edwards,stub_reconstruction,high
edwarro01,1630306,Rob Edwards,stub_reconstruction,high
ellebcj01,1629604,CJ Elleby,stub_reconstruction,high
ellenhe01,1627740,Henry Ellenson,authoritative,high
ellinwa01,201961,Wayne Ellington,authoritative,high
elliske01,1631165,Keon Ellis,stub_reconstruction,high
embiijo01,203954,Joel Embiid,authoritative,high
ennisja01,203516,James Ennis III,authoritative,high
etienty01,1630623,Tyson Etienne,stub_reconstruction,high
eubandr01,1629234,Drew Eubanks,authoritative,high
evbuoto01,1641787,Tosan Evbuomwan,stub_reconstruction,high
exumda01,203957,Dante Exum,authoritative,high
fallta01,1629605,Tacko Fall,stub_reconstruction,high
favorde01,202324,Derrick Favors,authoritative,high
feliccr01,1626245,Cristiano Felicio,authoritative,high
fergute01,1628390,Terrance Ferguson,authoritative,high
fernabr01,1628981,Bruno Fernando,stub_reconstruction,high
ferreyo01,1627812,Yogi Ferrell,authoritative,high
filipky01,1642271,Kyle Filipowski,stub_reconstruction,high
finnedo01,1627827,Dorian Finney-Smith,authoritative,high
fittsma01,1630238,Malik Fitts,stub_reconstruction,high
flaglad01,1641745,Adam Flagler,stub_reconstruction,high
flowetr01,1642280,Trentyn Flowers,stub_reconstruction,high
flynnma01,1630201,Malachi Flynn,stub_reconstruction,high
fontesi01,1631323,Simone Fontecchio,stub_reconstruction,high
forbebr01,1627854,Bryn Forbes,authoritative,high
fordal03,1630758,Aleem Ford,stub_reconstruction,high
fordjo01,1630259,Jordan Ford,stub_reconstruction,high
forretr01,1630235,Trent Forrest,stub_reconstruction,high
fournev01,203095,Evan Fournier,authoritative,high
foxde01,1628368,De'Aaron Fox,authoritative,high
frankro01,1629606,Robert Franks,stub_reconstruction,high
frazime01,1628982,Melvin Frazier Jr.,authoritative,high
fraziti01,204025,Tim Frazier,authoritative,high
freemen01,1642402,Enrique Freeman,stub_reconstruction,high
freemja01,1631241,Javon Freeman-Liberty,stub_reconstruction,high
fudgeal01,1641788,Alex Fudge,stub_reconstruction,high
fultzma01,1628365,Markelle Fultz,authoritative,high
funkan01,1641847,Andrew Funk,stub_reconstruction,high
furphjo01,1642277,Johnny Furphy,stub_reconstruction,high
gabriwe01,1629117,Wenyen Gabriel,stub_reconstruction,high
gaffoda01,1629655,Daniel Gafford,stub_reconstruction,high
gallida01,201568,Danilo Gallinari,authoritative,high
gallola01,204038,Langston Galloway,authoritative,high
garlada01,1629636,Darius Garland,stub_reconstruction,high
garrema01,1630585,Marcus Garrett,stub_reconstruction,high
garubus01,1630586,Usman Garuba,stub_reconstruction,high
garzalu01,1630568,Luka Garza,stub_reconstruction,high
gasolma01,201188,Marc Gasol,authoritative,high
gayru01,200752,Rudy Gay,authoritative,high
georgke01,1641718,Keyonte George,stub_reconstruction,high
georgky01,1642273,Kyshawn George,stub_reconstruction,high
georgpa01,202331,Paul George,authoritative,high
gibsota01,201959,Taj Gibson,authoritative,high
giddejo01,1630581,Josh Giddey,stub_reconstruction,high
gilesha01,1628385,Harry Giles III,authoritative,high
gilgesh01,1628983,Shai Gilgeous-Alexander,authoritative,high
gillan01,1630264,Anthony Gill,stub_reconstruction,high
gilleco01,1631221,Collin Gillespie,stub_reconstruction,high
gillefr01,1630273,Freddie Gillespie,stub_reconstruction,high
gilyaja01,1631367,Jacob Gilyard,stub_reconstruction,high
goberru01,203497,Rudy Gobert,authoritative,high
goodwbr01,1629164,Brandon Goodwin,authoritative,high
goodwjo01,1630692,Jordan Goodwin,stub_reconstruction,high
gordoaa01,203932,Aaron Gordon,authoritative,high
gordoer01,201569,Eric Gordon,authoritative,high
gortmja01,1641789,Jazian Gortman,stub_reconstruction,high
grahade01,1628984,Devonte' Graham,authoritative,high
grantje01,203924,Jerami Grant,authoritative,high
graveha01,1629755,Hassani Gravett,stub_reconstruction,high
grayra01,1630564,RaiQuan Gray,stub_reconstruction,high
greenaj01,1631260,AJ Green,stub_reconstruction,high
greenda02,201980,Danny Green,authoritative,high
greendr01,203110,Draymond Green,authoritative,high
greenja01,203210,JaMychal Green,authoritative,high
greenje02,201145,Jeff Green,authoritative,high
greenjo02,1630182,Josh Green,stub_reconstruction,high
griffaj01,1631100,AJ Griffin,stub_reconstruction,high
griffbl01,201933,Blake Griffin,authoritative,high
grimequ01,1629656,Quentin Grimes,stub_reconstruction,high
guyky01,1629657,Kyle Guy,stub_reconstruction,high
hachiru01,1629060,Rui Hachimura,stub_reconstruction,high
haganas01,1630204,Ashton Hagans,stub_reconstruction,high
halibty01,1630169,Tyrese Haliburton,stub_reconstruction,high
halldo01,1629743,Donta Hall,stub_reconstruction,high
hallpj01,1641790,PJ Hall,stub_reconstruction,high
hamptrj01,1630181,R.J. Hampton,stub_reconstruction,high
hardati02,203501,Tim Hardaway Jr.,authoritative,high
hardeja01,201935,James Harden,authoritative,high
hardyja02,1630702,Jaden Hardy,stub_reconstruction,high
harklma01,203090,Maurice Harkless,authoritative,high
harpeja01,1629607,Jared Harper,stub_reconstruction,high
harpero02,1631199,Ron Harper Jr.,stub_reconstruction,high
harremo01,1626149,Montrezl Harrell,authoritative,high
harriga01,203914,Gary Harris,authoritative,high
harrija01,1630223,Jalen Harris,stub_reconstruction,high
harrijo01,203925,Joe Harris,authoritative,high
harrike01,1630284,Kevon Harris,stub_reconstruction,high
harrish01,1627885,Shaquille Harrison,authoritative,high
harrito02,202699,Tobias Harris,authoritative,high
harteis01,1628392,Isaiah Hartenstein,authoritative,high
hartjo01,1628404,Josh Hart,authoritative,high
hasleud01,2617,Udonis Haslem,authoritative,high
hausesa01,1630573,Sam Hauser,stub_reconstruction,high
hawkijo01,1641722,Jordan Hawkins,stub_reconstruction,high
hayesja02,1629637,Jaxson Hayes,stub_reconstruction,high
hayeski01,1630165,Killian Hayes,stub_reconstruction,high
haywago01,202330,Gordon Hayward,authoritative,high
hendesc01,1630703,Scoot Henderson,stub_reconstruction,high
hendrta01,1641707,Taylor Hendricks,stub_reconstruction,high
henryaa01,1630565,Aaron Henry,stub_reconstruction,high
hernaju01,1627823,Juancho Hernangomez,authoritative,high
hernawi01,1626195,Willy Hernangomez,authoritative,high
herroty01,1629639,Tyler Herro,stub_reconstruction,high
hieldbu01,1627741,Buddy Hield,authoritative,high
highsha01,1629312,Haywood Highsmith,authoritative,high
hillge01,201588,George Hill,authoritative,high
hillma01,1630792,Malcolm Hill,stub_reconstruction,high
hillso01,203524,Solomon Hill,authoritative,high
hintona01,1630207,Nate Hinton,stub_reconstruction,high
hoardja01,1629658,Jaylen Hoard,stub_reconstruction,high
hodgedm01,1641793,D'Moi Hodge,stub_reconstruction,high
holidaa01,1628988,Aaron Holiday,authoritative,high
holidjr01,201950,Jrue Holiday,authoritative,high
holidju01,203200,Justin Holiday,authoritative,high
hollaro01,1641842,Ronald Holland II,stub_reconstruction,high
holliro01,1626178,Rondae Hollis-Jefferson,authoritative,high
holmeri01,1626158,Richaun Holmes,authoritative,high
holmgch01,1631096,Chet Holmgren,stub_reconstruction,high
hoodro01,203918,Rodney Hood,authoritative,high
hoodsja01,1641720,Jalen Hood-Schifino,stub_reconstruction,high
hopsosc01,203816,Scotty Hopson,authoritative,high
horfoal01,201143,Al Horford,authoritative,high
hortota01,1629659,Talen Horton-Tucker,stub_reconstruction,high
houseda01,1627863,Danuel House Jr.,authoritative,high
houstca01,1631216,Caleb Houstan,stub_reconstruction,high
howardw01,2730,Dwight Howard,authoritative,high
howarje01,1641724,Jett Howard,stub_reconstruction,high
howarma02,1630210,Markus Howard,stub_reconstruction,high
hudgitr01,1631309,Trevor Hudgins,stub_reconstruction,high
huertke01,1628989,Kevin Huerter,authoritative,high
huffja01,1630643,Jay Huff,stub_reconstruction,high
hugheel01,1630190,Elijah Hughes,stub_reconstruction,high
hukpoar01,1630574,Ariel Hukporti,stub_reconstruction,high
huntede01,1629631,De'Andre Hunter,stub_reconstruction,high
huntfe01,1630624,Feron Hunt,stub_reconstruction,high
hurtma01,1630562,Matt Hurt,stub_reconstruction,high
hutchch01,1628990,Chandler Hutchison,authoritative,high
hylanbo01,1630538,Bones Hyland,stub_reconstruction,high
ibakase01,201586,Serge Ibaka,authoritative,high
ighodos01,1642345,Oso Ighodaro,stub_reconstruction,high
iguodan01,2738,Andre Iguodala,authoritative,high
ilyaser01,101141,Ersan Ilyasova,authoritative,high
inglejo01,204060,Joe Ingles,authoritative,high
ingrabr01,1627742,Brandon Ingram,authoritative,high
ingraha01,1631127,Harrison Ingram,stub_reconstruction,high
irvinky01,202681,Kyrie Irving,authoritative,high
isaacjo01,1628371,Jonathan Isaac,authoritative,high
iveyja01,1631093,Jaden Ivey,stub_reconstruction,high
iwundwe01,1628411,Wes Iwundu,authoritative,high
jacksan01,1641748,Andre Jackson Jr.,stub_reconstruction,high
jacksfr01,1628402,Frank Jackson,authoritative,high
jacksgg01,1641713,GG Jackson,stub_reconstruction,high
jacksis01,1630543,Isaiah Jackson,stub_reconstruction,high
jacksja02,1628991,Jaren Jackson Jr.,authoritative,high
jacksjo02,1628367,Josh Jackson,authoritative,high
jacksju01,1628382,Justin Jackson,authoritative,high
jacksqu01,1631245,Quenton Jackson,stub_reconstruction,high
jacksre01,202704,Reggie Jackson,authoritative,high
jackstr02,1631218,Trayce Jackson-Davis,stub_reconstruction,high
jamesbr02,1642355,Bronny James,stub_reconstruction,high
jamesju01,1629713,Justin James,stub_reconstruction,high
jamesle01,2544,LeBron James,authoritative,high
jamesmi02,1628455,Mike James,authoritative,high
jaqueja01,1631170,Jaime Jaquez Jr.,stub_reconstruction,high
jarrede01,1630610,DeJon Jarreau,stub_reconstruction,high
jeffrda01,1629610,DaQuan Jeffries,stub_reconstruction,high
jemistr01,1641998,Trey Jemison III,stub_reconstruction,high
jenkida01,1642450,Daniss Jenkins,stub_reconstruction,high
jeromty01,1629660,Ty Jerome,stub_reconstruction,high
joeis01,1630198,Isaiah Joe,stub_reconstruction,high
johnsaj01,1642358,AJ Johnson,stub_reconstruction,high
johnsal02,1628993,Alize Johnson,authoritative,high
johnsbj01,1629168,BJ Johnson,authoritative,high
johnsca02,1629661,Cameron Johnson,stub_reconstruction,high
johnsda08,1630525,David Johnson,stub_reconstruction,high
johnsja01,201949,James Johnson,authoritative,high
johnsjo02,2207,Joe Johnson,authoritative,high
johnsst04,1626169,Stanley Johnson,authoritative,high
johnsty01,204020,Tyler Johnson,authoritative,high
jokicni01,203999,Nikola Jokic,authoritative,high
jonesca03,1630637,Carlik Jones,stub_reconstruction,high
jonesco02,1641732,Colby Jones,stub_reconstruction,high
jonesda03,1627745,Damian Jones,authoritative,high
jonesde02,1627884,Derrick Jones Jr.,authoritative,high
jonesdi01,1641794,Dillon Jones,stub_reconstruction,high
joneshe01,1630529,Herbert Jones,stub_reconstruction,high
jonesis01,1642403,Isaac Jones,stub_reconstruction,high
jonesje01,1629203,Jemerrio Jones,authoritative,high
jonesma05,1630222,Mason Jones,stub_reconstruction,high
jonessp01,1642461,Spencer Jones,stub_reconstruction,high
jonesty01,1626145,Tyus Jones,authoritative,high
jordade01,201599,DeAndre Jordan,authoritative,high
josepco01,202709,Cory Joseph,authoritative,high
jovicni01,1631107,Nikola Jovic,stub_reconstruction,high
juzanjo01,1630548,Johnny Juzang,stub_reconstruction,high
kabenmf01,1629662,Mfiondu Kabengele,stub_reconstruction,high
kalaige01,1630686,Georgios Kalaitzakis,stub_reconstruction,high
kaminfr01,1626163,Frank Kaminsky,authoritative,high
kanteen01,202683,Enes Freedom,authoritative,high
kawamyu01,1642530,Yuki Kawamura,stub_reconstruction,high
keelstr01,1631211,Trevor Keels,stub_reconstruction,high
kelleky01,1630283,Kylor Kelley,stub_reconstruction,high
kennalu01,1628379,Luke Kennard,authoritative,high
kesslwa01,1631117,Walker Kessler,stub_reconstruction,high
keybr01,1630296,Braxton Key,stub_reconstruction,high
kingge03,1628994,George King,authoritative,high
kinglo02,1629663,Louis King,stub_reconstruction,high
kispeco01,1630557,Corey Kispert,stub_reconstruction,high
klebima01,1628467,Maxi Kleber,authoritative,high
klintbo01,1641752,Bobi Klintman,stub_reconstruction,high
knechda01,1642261,Dalton Knecht,stub_reconstruction,high
knighbr03,202688,Brandon Knight,authoritative,high
knighna01,1630233,Nathan Knight,stub_reconstruction,high
knoxke01,1628995,Kevin Knox II,authoritative,high
kolekty01,1642278,Tyler Kolek,stub_reconstruction,high
kolokch01,1631132,Christian Koloko,stub_reconstruction,high
konchjo01,1629723,John Konchar,stub_reconstruction,high
korkmfu01,1627788,Furkan Korkmaz,authoritative,high
kornelu01,1628436,Luke Kornet,authoritative,high
krejcvi01,1630249,Vit Krejci,stub_reconstruction,high
kulboar01,1629083,Arnoldas Kulboka,stub_reconstruction,high
kuminjo01,1630228,Jonathan Kuminga,stub_reconstruction,high
kurucro01,1629066,Rodions Kurucs,authoritative,high
kuzmaky01,1628398,Kyle Kuzma,authoritative,high
labissk01,1627746,Skal Labissiere,authoritative,high
lamban01,1630237,Anthony Lamb,stub_reconstruction,high
lambje01,203087,Jeremy Lamb,authoritative,high
landajo01,1629111,Jock Landale,stub_reconstruction,high
langfro01,1629641,Romeo Langford,stub_reconstruction,high
laravja01,1631222,Jake LaRavia,stub_reconstruction,high
larsspe01,1641796,Pelle Larsson,stub_reconstruction,high
lavinza01,203897,Zach LaVine,authoritative,high
lawsoaj01,1630639,A.J. Lawson,stub_reconstruction,high
laymaja01,1627774,Jake Layman,authoritative,high
leaftj01,1628388,T.J. Leaf,authoritative,high
lecquja01,1629665,Jalen Lecque,stub_reconstruction,high
leeda03,1627814,Damion Lee,authoritative,high
leesa01,1630240,Saben Lee,stub_reconstruction,high
lenal01,203458,Alex Len,authoritative,high
leonaka01,202695,Kawhi Leonard,authoritative,high
leoname01,203086,Meyers Leonard,authoritative,high
leonsma01,1642502,Malevy Leons,stub_reconstruction,high
leverca01,1627747,Caris LeVert,authoritative,high
lewiski01,1630184,Kira Lewis Jr.,stub_reconstruction,high
lewisma05,1641721,Maxwell Lewis,stub_reconstruction,high
liddeej01,1630604,E.J. Liddell,stub_reconstruction,high
lillada01,203081,Damian Lillard,authoritative,high
littlna01,1629642,Nassir Little,stub_reconstruction,high
livelde01,1641726,Dereck Lively II,stub_reconstruction,high
liveris01,1630587,Isaiah Livers,stub_reconstruction,high
livinch01,1641753,Chris Livingston,stub_reconstruction,high
loftoke01,1631254,Kenneth Lofton Jr.,stub_reconstruction,high
looneke01,1626172,Kevon Looney,authoritative,high
lopezbr01,201572,Brook Lopez,authoritative,high
lopezro01,201577,Robin Lopez,authoritative,high
loveke01,201567,Kevin Love,authoritative,high
lowryky01,200768,Kyle Lowry,authoritative,high
lundbga01,1630994,Gabriel Lundberg,stub_reconstruction,high
lundyse01,1641754,Seth Lundy,stub_reconstruction,high
luwawti01,1627789,Timothe Luwawu-Cabarrot,authoritative,high
lylestr01,1626168,Trey Lyles,authoritative,high
makerth01,1627748,Thon Maker,authoritative,high
maledth01,1630177,Theo Maledon,stub_reconstruction,high
mamuksa01,1630572,Sandro Mamukelashvili,stub_reconstruction,high
maneka01,1630211,Karim Mane,stub_reconstruction,high
mannini01,1630185,Nico Mannion,stub_reconstruction,high
mannte01,1629611,Terance Mann,stub_reconstruction,high
manntr01,1630544,Tre Mann,stub_reconstruction,high
marjabo01,1626246,Boban Marjanovic,authoritative,high
markkla01,1628374,Lauri Markkanen,authoritative,high
marshna01,1630230,Naji Marshall,stub_reconstruction,high
martica02,1628997,Caleb Martin,stub_reconstruction,high
martico01,1628998,Cody Martin,stub_reconstruction,high
martija02,1641798,Jaylen Martin,stub_reconstruction,high
martije02,1629725,Jeremiah Martin,stub_reconstruction,high
martity01,1631213,Tyrese Martin,stub_reconstruction,high
masonfr01,1628412,Frank Mason III,authoritative,high
mathega01,1629726,Garrison Mathews,stub_reconstruction,high
mathida01,1629751,Dakota Mathias,stub_reconstruction,high
mathube01,1631097,Bennedict Mathurin,stub_reconstruction,high
matthwe02,202083,Wesley Matthews,authoritative,high
maxeyty01,1630178,Tyrese Maxey,stub_reconstruction,high
mayssk01,1630219,Skylar Mays,stub_reconstruction,high
mcbrimi01,1630540,Miles McBride,stub_reconstruction,high
mccaija01,1642272,Jared McCain,stub_reconstruction,high
mccawpa01,1627775,Patrick McCaw,authoritative,high
mccluma01,1630644,Mac McClung,stub_reconstruction,high
mccolcj01,203468,CJ McCollum,authoritative,high
mccontj01,204456,T.J. McConnell,authoritative,high
mcculke01,1641755,Kevin McCullar Jr.,stub_reconstruction,high
mcderdo01,203926,Doug McDermott,authoritative,high
mcderse01,1630253,Sean McDermott,stub_reconstruction,high
mcgeeja01,201580,JaVale McGee,authoritative,high
mcgowbr01,1631121,Bryce McGowens,stub_reconstruction,high
mcgrica01,1630787,Cameron McGriff,stub_reconstruction,high
mcgruro01,203585,Rodney McGruder,authoritative,high
mckinal01,1628035,Alfonzo McKinnie,authoritative,high
mclauja01,1630605,JaQuori McLaughlin,stub_reconstruction,high
mclaujo01,1629162,Jordan McLaughlin,stub_reconstruction,high
mclembe01,203463,Ben McLemore,authoritative,high
mcveija01,1629098,Jack McVeigh,stub_reconstruction,high
mellini01,1629740,Nicolo Melli,stub_reconstruction,high
meltode01,1629001,De'Anthony Melton,authoritative,high
mensana01,1641877,Nathan Mensah,stub_reconstruction,high
merrisa01,1630241,Sam Merrill,stub_reconstruction,high
metuch01,1629002,Chimezie Metu,authoritative,high
micicva01,203995,Vasilije Micic,stub_reconstruction,high
middlkh01,203114,Khris Middleton,authoritative,high
millebr02,1641706,Brandon Miller,stub_reconstruction,high
milleda01,203121,Darius Miller,authoritative,high
milleem01,1641801,Emanuel Miller,stub_reconstruction,high
millejo02,1641757,Jordan Miller,stub_reconstruction,high
millele01,1631159,Leonard Miller,stub_reconstruction,high
millspa01,200794,Paul Millsap,authoritative,high
millspa02,201988,Patty Mills,authoritative,high
miltosh01,1629003,Shake Milton,authoritative,high
minayju01,1631303,Justin Minaya,stub_reconstruction,high
minixri01,1642434,Riley Minix,stub_reconstruction,high
minotjo01,1631169,Josh Minott,stub_reconstruction,high
missiyv01,1642274,Yves Missi,stub_reconstruction,high
mitchaj01,1642349,Ajay Mitchell,stub_reconstruction,high
mitchda01,1630558,Davion Mitchell,stub_reconstruction,high
mitchdo01,1628378,Donovan Mitchell,authoritative,high
mobleev01,1630596,Evan Mobley,stub_reconstruction,high
mobleis01,1630600,Isaiah Mobley,stub_reconstruction,high
mogbojo01,1642367,Jonathan Mogbo,stub_reconstruction,high
mokokad01,1629690,Adam Mokoka,stub_reconstruction,high
monekch01,1631320,Chima Moneke,stub_reconstruction,high
monkma01,1628370,Malik Monk,authoritative,high
monrogr01,202328,Greg Monroe,authoritative,high
moodymo01,1630541,Moses Moody,stub_reconstruction,high
moonema01,1629760,Matt Mooney,stub_reconstruction,high
moonxa01,1629875,Xavier Moon,stub_reconstruction,high
mooreet01,202734,E'Twaun Moore,authoritative,high
mooreta02,1631386,Taze Moore,stub_reconstruction,high
moorewe01,1631111,Wendell Moore Jr.,stub_reconstruction,high
moranja01,1629630,Ja Morant,stub_reconstruction,high
morgaju01,1629752,Juwan Morgan,stub_reconstruction,high
morrija01,1628537,Jaylen Morris,authoritative,high
morrima02,202693,Markieff Morris,authoritative,high
morrima03,202694,Marcus Morris Sr.,authoritative,high
morrimo01,1628420,Monte Morris,authoritative,high
mudiaem01,1626144,Emmanuel Mudiay,authoritative,high
muldemy01,1628539,Mychal Mulder,stub_reconstruction,high
murphtr02,1630530,Trey Murphy III,stub_reconstruction,high
murrade01,1627749,Dejounte Murray,authoritative,high
murraja01,1627750,Jamal Murray,authoritative,high
murrake02,1631099,Keegan Murray,stub_reconstruction,high
murrakr01,1631200,Kris Murray,stub_reconstruction,high
muscami01,203488,Mike Muscala,authoritative,high
mykhasv01,1629004,Svi Mykhailiuk,authoritative,high
naderab01,1627846,Abdel Nader,authoritative,high
nancela02,1626204,Larry Nance Jr.,authoritative,high
nancepe01,1631250,Pete Nance,stub_reconstruction,high
nembhan01,1629614,Andrew Nembhard,stub_reconstruction,high
nesmiaa01,1630174,Aaron Nesmith,stub_reconstruction,high
netora01,203526,Raul Neto,authoritative,high
newtotr01,1641803,Tristen Newton,stub_reconstruction,high
nfalyda01,1642368,N'Faly Dante,stub_reconstruction,low_nickname
niangge01,1627777,Georges Niang,authoritative,high
nixda01,1630227,Daishen Nix,stub_reconstruction,high
nnajize01,1630192,Zeke Nnaji,stub_reconstruction,high
noelne01,203457,Nerlens Noel,authoritative,high
norrimi01,1641936,Miles Norris,stub_reconstruction,high
nowelja01,1629669,Jaylen Nowell,stub_reconstruction,high
nowelma01,1641806,Markquis Nowell,stub_reconstruction,high
ntilila01,1628373,Frank Ntilikina,authoritative,high
nunnaja01,203263,James Nunnally,authoritative,high
nunnke01,1629134,Kendrick Nunn,stub_reconstruction,high
nurkiju01,203994,Jusuf Nurkic,authoritative,high
nwabada01,1628021,David Nwaba,authoritative,high
nworajo01,1629670,Jordan Nwora,stub_reconstruction,high
ojelese01,1628400,Semi Ojeleye,authoritative,high
okafoja01,1626143,Jahlil Okafor,authoritative,high
okekech01,1629643,Chuma Okeke,stub_reconstruction,high
okogijo01,1629006,Josh Okogie,authoritative,high
okongon01,1630168,Onyeka Okongwu,stub_reconstruction,high
okorois01,1630171,Isaac Okoro,stub_reconstruction,high
okpalkz01,1629644,KZ Okpala,stub_reconstruction,high
oladivi01,203506,Victor Oladipo,authoritative,high
olivaqu01,1642439,Quincy Olivari,stub_reconstruction,high
oliveca01,1628419,Cameron Oliver,stub_reconstruction,high
olynyke01,203482,Kelly Olynyk,authoritative,high
omorueu01,1630647,Eugene Omoruyi,stub_reconstruction,high
onealro01,1626220,Royce O'Neale,authoritative,high
onimi01,1629671,Miye Oni,stub_reconstruction,high
osmande01,1626224,Cedi Osman,authoritative,high
oturuda01,1630187,Daniel Oturu,stub_reconstruction,high
oubreke01,1626162,Kelly Oubre Jr.,authoritative,high
palmetr01,1629309,Trayvon Palmer,stub_reconstruction,high
pangoke01,1630698,Kevin Pangos,stub_reconstruction,high
parkeja01,203953,Jabari Parker,authoritative,high
pascher01,1629672,Eric Paschall,stub_reconstruction,high
pasecan01,1628394,Anzejs Pasecniks,stub_reconstruction,high
pattepa01,202335,Patrick Patterson,authoritative,high
pattoju01,1628383,Justin Patton,authoritative,high
paulch01,101108,Chris Paul,authoritative,high
payneca01,1626166,Cameron Payne,authoritative,high
paytoel01,203901,Elfrid Payton,authoritative,high
paytoga02,1627780,Gary Payton II,authoritative,high
pelleno01,203658,Norvel Pelle,stub_reconstruction,high
pereima01,1641970,Maozinha Pereira,stub_reconstruction,high
perryre01,1629617,Reggie Perry,stub_reconstruction,high
peterdr01,1641809,Drew Peterson,stub_reconstruction,high
petrufi01,1630196,Filip Petrusev,stub_reconstruction,high
phillju01,1641763,Julian Phillips,stub_reconstruction,high
pinsoth01,1629033,Theo Pinson,authoritative,high
pippesc02,1630590,Scotty Pippen Jr.,stub_reconstruction,high
plowdda01,1631342,Daeqwon Plowden,stub_reconstruction,high
plumlma01,203486,Mason Plumlee,authoritative,high
podzibr01,1641764,Brandin Podziemski,stub_reconstruction,high
poeltja01,1627751,Jakob Poeltl,authoritative,high
poirivi01,1629738,Vincent Poirier,stub_reconstruction,high
pokusal01,1630197,Aleksej Pokusevski,stub_reconstruction,high
ponsyv01,1630582,Yves Pons,stub_reconstruction,high
poolejo01,1629673,Jordan Poole,stub_reconstruction,high
portecr01,1641854,Craig Porter Jr.,stub_reconstruction,high
portejo01,1629007,Jontay Porter,stub_reconstruction,high
porteke02,1629645,Kevin Porter Jr.,stub_reconstruction,high
portemi01,1629008,Michael Porter Jr.,stub_reconstruction,high
porteot01,203490,Otto Porter Jr.,authoritative,high
portibo01,1626171,Bobby Portis,authoritative,high
porzikr01,204001,Kristaps Porzingis,authoritative,high
postqu01,1642366,Quinten Post,stub_reconstruction,high
pottemi01,1630695,Micah Potter,stub_reconstruction,high
poweldw01,203939,Dwight Powell,authoritative,high
powelmy01,1629619,Myles Powell,stub_reconstruction,high
powelno01,1626181,Norman Powell,authoritative,high
prestja01,1630554,Jason Preston,stub_reconstruction,high
primojo01,1630563,Joshua Primo,stub_reconstruction,high
princta02,1627752,Taurean Prince,authoritative,high
pritcpa01,1630202,Payton Pritchard,stub_reconstruction,high
prospol01,1641765,Olivier-Maxence Prosper,stub_reconstruction,high
pullizy01,1642389,Zyon Pullin,stub_reconstruction,high
queentr01,1630243,Trevelin Queen,stub_reconstruction,high
quetane01,1629674,Neemias Queta,stub_reconstruction,high
quickim01,1630193,Immanuel Quickley,stub_reconstruction,high
quinole01,1631311,Lester Quinones,stub_reconstruction,high
ramseja01,1630186,Jahmi'us Ramsey,stub_reconstruction,high
randlch01,1626184,Chasson Randle,authoritative,high
randlju01,203944,Julius Randle,authoritative,high
reathdu01,1641871,Duop Reath,stub_reconstruction,high
reaveau01,1630559,Austin Reaves,stub_reconstruction,high
reddica01,1629629,Cam Reddish,stub_reconstruction,high
redicjj01,200755,JJ Redick,authoritative,high
reedda01,1628432,Davon Reed,authoritative,high
reedpa01,1630194,Paul Reed,stub_reconstruction,high
reeseal01,1642024,Alex Reese,stub_reconstruction,high
reevean01,1641810,Antonio Reeves,stub_reconstruction,high
reidna01,1629675,Naz Reid,stub_reconstruction,high
reynoca01,1629244,Cam Reynolds,authoritative,high
rhodeja01,1631197,Jared Rhoden,stub_reconstruction,high
richajo01,1626196,Josh Richardson,authoritative,high
richani01,1630208,Nick Richards,stub_reconstruction,high
rillegr01,1630203,Grant Riller,stub_reconstruction,high
risacza01,1642258,Zaccharie Risacher,stub_reconstruction,high
riverau01,203085,Austin Rivers,authoritative,high
robbili01,1641857,Liam Robbins,stub_reconstruction,high
roberan03,203460,Andre Roberson,authoritative,high
robindu01,1629130,Duncan Robinson,authoritative,high
robingl02,203922,Glenn Robinson III,authoritative,high
robinje01,1629010,Jerome Robinson,authoritative,high
robinju01,1629620,Justin Robinson,stub_reconstruction,high
robinmi01,1629011,Mitchell Robinson,authoritative,high
robinor01,1631115,Orlando Robinson,stub_reconstruction,high
robyis01,1629676,Isaiah Roby,stub_reconstruction,high
roddyda01,1631223,David Roddy,stub_reconstruction,high
rolliry01,1631157,Ryan Rollins,stub_reconstruction,high
rondora01,200765,Rajon Rondo,authoritative,high
rosede01,201565,Derrick Rose,authoritative,high
rosste01,203082,Terrence Ross,authoritative,high
roweja01,1642050,Jackson Rowe,stub_reconstruction,high
roziete01,1626179,Terry Rozier,authoritative,high
rubiori01,201937,Ricky Rubio,authoritative,high
ruperra01,1641712,Rayan Rupert,stub_reconstruction,high
russeda01,1626156,D'Angelo Russell,authoritative,high
ryanma01,1630346,Matt Ryan,stub_reconstruction,high
sabondo01,1627734,Domantas Sabonis,authoritative,high
samanlu01,1629677,Luka Samanic,stub_reconstruction,high
sampsja02,203960,JaKarr Sampson,authoritative,high
samueje01,1631257,Jermaine Samuels Jr.,stub_reconstruction,high
sanogad01,1641766,Adama Sanogo,stub_reconstruction,high
santogu01,1630611,Gui Santos,stub_reconstruction,high
saricda01,203967,Dario Saric,authoritative,high
sarral01,1642259,Alex Sarr,stub_reconstruction,high
sarrol01,1630846,Olivier Sarr,stub_reconstruction,high
sassema01,1631204,Marcus Sasser,stub_reconstruction,high
satorto01,203107,Tomas Satoransky,authoritative,high
schakjo01,1630648,Jordan Schakel,stub_reconstruction,high
scheiba01,1631248,Baylor Scheierman,stub_reconstruction,high
schofad01,1629678,Admiral Schofield,stub_reconstruction,high
schrode01,203471,Dennis Schroder,authoritative,high
scottmi01,203118,Mike Scott,authoritative,high
scotttr01,1630286,Trevon Scott,stub_reconstruction,high
scrubja01,1630206,Jay Scrubb,stub_reconstruction,high
seabrde01,1631220,Dereon Seabron,stub_reconstruction,high
seldewa01,1627782,Wayne Selden,authoritative,high
sengual01,1630578,Alperen Sengun,stub_reconstruction,high
sensabr01,1641729,Brice Sensabaugh,stub_reconstruction,high
sextoco01,1629012,Collin Sexton,authoritative,high
shamela01,1629013,Landry Shamet,authoritative,high
shannte01,1630545,Terrence Shannon Jr.,stub_reconstruction,high
sharpda01,1630549,Day'Ron Sharpe,stub_reconstruction,high
sharpsh01,1631101,Shaedon Sharpe,stub_reconstruction,high
sheadja01,1642347,Jamal Shead,stub_reconstruction,high
sheppbe01,1641767,Ben Sheppard,stub_reconstruction,high
sheppre01,1642263,Reed Sheppard,stub_reconstruction,high
shumpim01,202697,Iman Shumpert,authoritative,high
siakapa01,1627783,Pascal Siakam,authoritative,high
silvach01,1629735,Chris Silva,stub_reconstruction,high
simmobe01,1627732,Ben Simmons,authoritative,high
simmoko01,1628424,Kobi Simmons,authoritative,high
simonan01,1629014,Anfernee Simons,authoritative,high
simonma01,1630250,Marko Simonovic,stub_reconstruction,high
simpskj01,1642354,KJ Simpson,stub_reconstruction,high
simpsza01,1630285,Zavier Simpson,stub_reconstruction,high
simsja01,1631301,Jaylen Sims,stub_reconstruction,high
simsje01,1630579,Jericho Sims,stub_reconstruction,high
sirvyde01,1629686,Deividas Sirvydis,stub_reconstruction,high
skapidm01,1631376,Dmytro Skapintsev,stub_reconstruction,high
slawsja01,1641771,Jalen Slawson,stub_reconstruction,high
smailal01,1629346,Alen Smailagic,stub_reconstruction,high
smartja01,1630606,Javonte Smart,stub_reconstruction,high
smartma01,203935,Marcus Smart,authoritative,high
smithde03,1628372,Dennis Smith Jr.,authoritative,high
smithdr01,1630696,Dru Smith,stub_reconstruction,high
smithis01,202397,Ish Smith,authoritative,high
smithni01,1641733,Nick Smith Jr.,stub_reconstruction,high
smithte01,1631173,Terquavion Smith,stub_reconstruction,high
smithto05,1642449,Tolu Smith,stub_reconstruction,high
smithty02,1641890,Tyler Smith,stub_reconstruction,high
sneedxa01,1630270,Xavier Sneed,stub_reconstruction,high
snellto01,203503,Tony Snell,authoritative,high
sochaje01,1631110,Jeremy Sochan,stub_reconstruction,high
spaldra01,1629034,Ray Spalding,authoritative,high
spencca01,1642285,Cam Spencer,stub_reconstruction,high
spencpa01,1630311,Pat Spencer,stub_reconstruction,high
sprinja01,1630531,Jaden Springer,stub_reconstruction,high
stanlca01,1630199,Cassius Stanley,stub_reconstruction,high
stausni01,203917,Nik Stauskas,authoritative,high
stephla01,202362,Lance Stephenson,authoritative,high
steveis01,1641815,Isaiah Stevens,stub_reconstruction,high
stevela01,1630205,Lamar Stevens,stub_reconstruction,high
stewais01,1630191,Isaiah Stewart,stub_reconstruction,high
strawju01,1631124,Julian Strawther,stub_reconstruction,high
strusma01,1629622,Max Strus,stub_reconstruction,high
suggsja01,1630591,Jalen Suggs,stub_reconstruction,high
sumneed01,1628410,Edmond Sumner,authoritative,high
swideco01,1631306,Cole Swider,stub_reconstruction,high
swordcr01,1628591,Craig Sword,stub_reconstruction,high
sykeske01,1626208,Keifer Sykes,stub_reconstruction,high
tateja01,1630256,Jae'Sean Tate,stub_reconstruction,high
tatumja01,1628369,Jayson Tatum,authoritative,high
taylote01,1630678,Terry Taylor,stub_reconstruction,high
teaguje01,201952,Jeff Teague,authoritative,high
templga01,202066,Garrett Temple,authoritative,high
terryda01,1631207,Dalen Terry,stub_reconstruction,high
terryem01,1629150,Emanuel Terry,authoritative,high
terryty01,1630179,Tyrell Terry,stub_reconstruction,high
teskejo01,1630257,Jon Teske,stub_reconstruction,high
theisda01,1628464,Daniel Theis,authoritative,high
thomabr01,1630271,Brodric Thomas,stub_reconstruction,high
thomaca02,1630560,Cam Thomas,stub_reconstruction,high
thomais02,202738,Isaiah Thomas,authoritative,high
thomakh01,1629017,Khyri Thomas,authoritative,high
thomama02,1629744,Matt Thomas,stub_reconstruction,high
thompam01,1641708,Amen Thompson,stub_reconstruction,high
thompau01,1641709,Ausar Thompson,stub_reconstruction,high
thompkl01,202691,Klay Thompson,authoritative,high
thomptr01,202684,Tristan Thompson,authoritative,high
thorjt01,1630550,JT Thor,stub_reconstruction,high
thornsi01,1628414,Sindarius Thornwell,authoritative,high
thybuma01,1629680,Matisse Thybulle,stub_reconstruction,high
tilliki02,1629681,Killian Tillie,stub_reconstruction,high
tillmxa01,1630214,Xavier Tillman,stub_reconstruction,high
timmedr01,1631166,Drew Timme,stub_reconstruction,high
toddis01,1630225,Isaiah Todd,stub_reconstruction,high
tollian01,201229,Anthony Tolliver,authoritative,high
tomlina01,1641772,Nae'Qwan Tomlin,stub_reconstruction,high
toppija01,1631210,Jacob Toppin,stub_reconstruction,high
toppiob01,1630167,Obi Toppin,stub_reconstruction,high
toscaju01,1629308,Juan Toscano-Anderson,stub_reconstruction,high
toupaax01,1626253,Axel Toupane,authoritative,high
townska01,1626157,Karl-Anthony Towns,authoritative,high
travelu01,1631247,Luke Travers,stub_reconstruction,high
trentga02,1629018,Gary Trent Jr.,authoritative,high
tshieos01,1631131,Oscar Tshiebwe,stub_reconstruction,high
tuckepj01,200782,P.J. Tucker,authoritative,high
tuckera01,1629730,Rayjon Tucker,stub_reconstruction,high
turnemy01,1626167,Myles Turner,authoritative,high
tysonhu01,1641816,Hunter Tyson,stub_reconstruction,high
tysonja01,1642281,Jaylon Tyson,stub_reconstruction,high
umudest01,1630649,Stanley Umude,stub_reconstruction,high
valanjo01,202685,Jonas Valanciunas,authoritative,high
valende01,1627756,Denzel Valentine,authoritative,high
vandeja01,1629020,Jarred Vanderbilt,authoritative,high
vanvlfr01,1627832,Fred VanVleet,authoritative,high
varejan01,2760,Anderson Varejao,authoritative,high
vassede01,1630170,Devin Vassell,stub_reconstruction,high
vincega01,1629216,Gabe Vincent,stub_reconstruction,high
vonleno01,203943,Noah Vonleh,authoritative,high
vucevni01,202696,Nikola Vucevic,authoritative,high
vukcetr01,1641774,Tristan Vukcevic,stub_reconstruction,high
wadede01,1629731,Dean Wade,stub_reconstruction,high
wagnefr01,1630532,Franz Wagner,stub_reconstruction,high
wagnemo01,1629021,Moritz Wagner,authoritative,high
wainris01,1630688,Ish Wainright,stub_reconstruction,high
walkeke02,202689,Kemba Walker,authoritative,high
walkelo01,1629022,Lonnie Walker IV,authoritative,high
walkemj01,1630640,MJ Walker,stub_reconstruction,high
wallaca01,1641717,Cason Wallace,stub_reconstruction,high
wallake01,1630811,Keaton Wallace,stub_reconstruction,high
wallaty01,1627820,Tyrone Wallace,authoritative,high
walljo01,202322,John Wall,authoritative,high
walshjo01,1641775,Jordan Walsh,stub_reconstruction,high
walteja01,1642266,Ja'Kobe Walter,stub_reconstruction,high
waltode01,1628476,Derrick Walton Jr.,authoritative,high
wanambr01,202954,Brad Wanamaker,authoritative,high
wareke01,1642276,Kel'el Ware,stub_reconstruction,high
warretj01,203933,T.J. Warren,authoritative,high
washidu02,1630613,Duane Washington Jr.,stub_reconstruction,high
washipj01,1629023,P.J. Washington,stub_reconstruction,high
washity02,1631102,TyTy Washington Jr.,stub_reconstruction,high
watanyu01,1629139,Yuta Watanabe,authoritative,high
waterli01,1630322,Lindy Waters III,stub_reconstruction,high
watertr01,1629682,Tremont Waters,stub_reconstruction,high
watfotr01,1630570,Trendon Watford,stub_reconstruction,high
watsoan02,1641817,Anton Watson,stub_reconstruction,high
watsopa01,1628778,Paul Watson,stub_reconstruction,high
watsope01,1631212,Peyton Watson,stub_reconstruction,high
weathqu01,1629683,Quinndary Weatherspoon,stub_reconstruction,high
wellsja01,1642377,Jaylen Wells,stub_reconstruction,high
wembavi01,1641705,Victor Wembanyama,stub_reconstruction,high
weslebl01,1631104,Blake Wesley,stub_reconstruction,high
westbru01,201566,Russell Westbrook,authoritative,high
wheelph02,1630762,Phillip Wheeler,stub_reconstruction,high
whiteco01,1629632,Coby White,stub_reconstruction,high
whiteda01,1641727,Dariq Whitehead,stub_reconstruction,high
whitede01,1628401,Derrick White,authoritative,high
whiteha01,202355,Hassan Whiteside,authoritative,high
whiteja03,1631298,Jack White,stub_reconstruction,high
whitmca01,1641715,Cam Whitmore,stub_reconstruction,high
whittgr01,204222,Greg Whittington,stub_reconstruction,high
wieskjo01,1630580,Joe Wieskamp,stub_reconstruction,high
wiggiaa01,1630598,Aaron Wiggins,stub_reconstruction,high
wiggian01,203952,Andrew Wiggins,authoritative,high
wiggili01,1629623,Lindell Wigginton,stub_reconstruction,high
willial06,1631214,Alondes Williams,stub_reconstruction,high
willibr03,1630314,Brandon Williams,stub_reconstruction,high
willico04,1642262,Cody Williams,stub_reconstruction,high
willigr01,1629684,Grant Williams,stub_reconstruction,high
willije02,1630608,Jeenathan Williams,stub_reconstruction,high
willike04,1629026,Kenrich Williams,authoritative,high
willilo02,101150,Lou Williams,authoritative,high
willipa01,1630172,Patrick Williams,stub_reconstruction,high
williro04,1629057,Robert Williams III,authoritative,high
willivi01,1631246,Vince Williams Jr.,stub_reconstruction,high
wilsodj01,1628391,D.J. Wilson,authoritative,high
wilsoja03,1630592,Jalen Wilson,stub_reconstruction,high
windldy01,1629685,Dylan Windler,stub_reconstruction,high
winslju01,1626159,Justise Winslow,authoritative,high
winstca01,1630216,Cassius Winston,stub_reconstruction,high
wisemja01,1630164,James Wiseman,stub_reconstruction,high
wongis01,1631209,Isaiah Wong,stub_reconstruction,high
woodaro01,1630218,Robert Woodard II,stub_reconstruction,high
woodch01,1626174,Christian Wood,authoritative,high
wrighde01,1626153,Delon Wright,authoritative,high
wrighmc01,1630593,McKinley Wright IV,stub_reconstruction,high
wrighmo01,1630589,Moses Wright,stub_reconstruction,high
yabusgu01,1627824,Guerschon Yabusele,authoritative,high
yorkga01,1628221,Gabe York,stub_reconstruction,high
youngja05,1642443,Jahmir Young,stub_reconstruction,high
youngth01,201152,Thaddeus Young,authoritative,high
youngtr01,1629027,Trae Young,authoritative,high
yurtsom01,1630209,Omer Yurtseven,stub_reconstruction,high
zelleco01,203469,Cody Zeller,authoritative,high
zubaciv01,1627826,Ivica Zubac,authoritative,high
